step,seen_tokens,time_delta_s,run_name,local_window,global_window,mem_freq,lr_mult,train_loss,val_loss
1,199,4.845711946487427,debug,512,,,1.0,,4.163508415222168
2,398,4.875047922134399,debug,512,,,1.0,,4.012951374053955
3,597,4.220142126083374,debug,512,,,1.0,,4.019284248352051
4,796,2.29767107963562,debug,512,,,1.0,,4.056506156921387
5,995,2.3029062747955322,debug,512,,,1.0,,4.07334566116333
6,1194,3.198615074157715,debug,512,,,1.0,,4.146451950073242
7,1393,2.2569873332977295,debug,512,,,1.0,,4.303450107574463
8,1592,4.243208885192871,debug,512,,,1.0,,4.439807891845703
9,1791,3.6587491035461426,debug,512,,,0.5,,4.426119327545166
